{
  "schema_version": "score_summary.v1",
  "benchmark": "SWE-Bench-Pro",
  "suite": "SWEPro 151 zh pass@3",
  "agent": "qodercli",
  "model": "Qwen 3.7 Max (180k)",
  "task_count": 151,
  "attempts_per_task": 3,
  "total_attempts": 453,
  "solved_attempts": 109,
  "solved_unique_tasks": 47,
  "pass_at_3_count": 47,
  "pass_at_3_rate": 0.31125827814569534,
  "pass_3_count": 25,
  "pass_3_rate": 0.16556291390728475,
  "attempt_score": 0.24061847473039735,
  "final_score": 35.50378245417084,
  "input_tokens": 789633676,
  "output_tokens": 7594958,
  "total_tokens": 797228634,
  "exported_at": "2026-06-14T03:55:54.754417Z",
  "source_run": "qodercli-qwen37max-direct-full453-10c-r1-20260613"
}